element,subelement,specific part,price
TYRES,,240.78,
ENGINE OIL,,47.03,
BRAKE SYSTEM,"Accessory kit, disc brake pads",,5.24
BRAKE SYSTEM,"Bolt, brake disc",,1.74
BRAKE SYSTEM,Brake caliper repair kit,,13.50
BRAKE SYSTEM,Brake calipers,,155.81
BRAKE SYSTEM,Brake discs,,42.27
BRAKE SYSTEM,Brake fluid,,1.88
BRAKE SYSTEM,Brake hose,,1.88
BRAKE SYSTEM,Brake light switch,,11.75
BRAKE SYSTEM,Brake pad wear sensor,,2.58
BRAKE SYSTEM,Brake pads,,18.33
BRAKE SYSTEM,Brake servo,"Pressure Sensor, brake booster",40.73
BRAKE SYSTEM,Brake servo,Brake Booster,189.76
BRAKE SYSTEM,"Guide sleeve kit, brake caliper","Accessory Kit, brake caliper",1.04
BRAKE SYSTEM,"Guide sleeve kit, brake caliper","Guide Sleeve Kit, brake caliper",6.50
BRAKE SYSTEM,Master cylinder,,143.91
BRAKE SYSTEM,"Piston, brake caliper",,9.09
FILTERS,Air filter,,79.79
FILTERS,Fuel filter,,18.89
FILTERS,Oil filter,,3.35
FILTERS,Pollen filter,,10.35
FILTERS,Receiver drier,,32.26
ENGINE,Air filter,,79.79
ENGINE,Antifreeze,,3.91
ENGINE,Boost gauge,,17.00
ENGINE,Camshaft sensor,,17.49
ENGINE,Coolant temperature sensor,"Sensor, oil temperature",11.89
ENGINE,Coolant temperature sensor,"Sensor, coolant temperature",11.89
ENGINE,Crankshaft seal,,10.70
ENGINE,Crankshaft sensor,,43.39
ENGINE,Drain plug,"Seal, oil drain plug",0.20
ENGINE,Drain plug,"Sealing Plug, oil sump",0.76
ENGINE,Engine electrics,"Sender Unit, intake air temperature",10.21
ENGINE,Engine electrics,"Sensor, camshaft position",17.49
ENGINE,Engine electrics,"Sensor, oil temperature",11.89
ENGINE,Engine electrics,"Sensor, crankshaft pulse",43.39
ENGINE,Engine electrics,"Sensor, boost pressure",17.00
ENGINE,Engine mount,,84.90
ENGINE,Exhaust manifold gasket,,3.84
ENGINE,Fuel filter,,18.89
ENGINE,Glow plugs,,10.14
ENGINE,Head bolts,,12.59
ENGINE,High pressure fuel pump,,533.60
ENGINE,Ignition lead,,2.72
ENGINE,Injector seals,"Seal Ring, nozzle holder",1.67
ENGINE,Injector seals,"Seal Kit, injector nozzle",9.09
ENGINE,Injector seals,"Seal Ring, injector",79.93
ENGINE,Injectors,"Puller, injector seal",0.76
ENGINE,Injectors,"Dismantling Tool, injector",71.46
ENGINE,Injectors,Injector Nozzle,346.00
ENGINE,Injectors,Nozzle,0.76
ENGINE,"Mounting kit, charger",,28.06
ENGINE,Oil cooler,,35.90
ENGINE,Oil drain plug gasket,,0.20
ENGINE,Oil filter,,3.35
ENGINE,Oil temperature sensor,,11.89
ENGINE,Poly v-belt,,10.07
ENGINE,Radiator,,116.12
ENGINE,Rocker cover gasket,"Gasket, cylinder head cover",4.12
ENGINE,Rocker cover gasket,"Seal Ring, injector shaft",1.67
ENGINE,Rocker cover gasket,"Seal Ring, nozzle holder",1.67
ENGINE,"Sender unit, intake air temperature",,10.21
ENGINE,Sump gasket,,3.28
ENGINE,Tappet,,5.52
ENGINE,Turbocharger gasket,"Gasket, exhaust manifold",28.06
ENGINE,Turbocharger gasket,"Mounting Kit, charger",28.06
ENGINE,Turbocharger gasket,"Seal, oil inlet (charger)",5.80
ENGINE,Valve stem seals,"Seal Set, valve stem",11.33
ENGINE,Valve stem seals,"Seal, valve stem",0.48
ENGINE,Water pump,Water Pump,59.07
ENGINE,Water pump,"Repair Kit, water pump",31.21
IGNITION AND GLOWPLUG SYSTEM,Camshaft sensor,,17.49
IGNITION AND GLOWPLUG SYSTEM,Crankshaft sensor,,43.39
IGNITION AND GLOWPLUG SYSTEM,Glow plugs,,10.14
IGNITION AND GLOWPLUG SYSTEM,Ignition lead,,2.72
SUSPENSION AND ARMS,Anti roll bar links,,12.10
SUSPENSION AND ARMS,Arm bushes,,4.75
SUSPENSION AND ARMS,Ball joint,,13.22
SUSPENSION AND ARMS,Engine mount,,84.90
SUSPENSION AND ARMS,Inner tie rod,,8.74
SUSPENSION AND ARMS,Shock absorber dust cover and bump stops,,5.87
SUSPENSION AND ARMS,Stabilizer bushes,,4.12
SUSPENSION AND ARMS,Steering rack boot,,6.08
SUSPENSION AND ARMS,Suspension arm,,15.95
SUSPENSION AND ARMS,Track rod end,,12.66
SUSPENSION AND ARMS,Track widening,,48.92
SUSPENSION AND ARMS,Tyre pressure control system,"Valve Repair Set, (tyre press. control system)",4.54
SUSPENSION AND ARMS,Tyre pressure control system,"Wheel Sensor, tyre pressure control system",31.91
SUSPENSION AND ARMS,Tyre pressure control system,"Valve, tyre pressure control system",3.07
SUSPENSION AND ARMS,Tyre pressure control system,Tyre Pressure Control System,60.89
SUSPENSION AND ARMS,Wheel bearing,,34.71
SUSPENSION AND ARMS,Wheel bolt and wheel nuts,Wheel Bolt,1.60
SUSPENSION AND ARMS,Wheel bolt and wheel nuts,Wheel Stud,2.67
SUSPENSION AND ARMS,Wheel bolt and wheel nuts,"Pliers, protective cap (wheel bolt- / nut)",19.24
SUSPENSION AND ARMS,Wheel bolt and wheel nuts,Locking wheel bolts,11.82
SUSPENSION AND ARMS,Wheel bolt and wheel nuts,"Cap, wheel nut",8.04
SUSPENSION AND ARMS,Wheel hub,,59.63
DAMPING,Shock absorber dust cover and bump stops,,5.87
DAMPING,Strut mount and bearing,,28.76
"BODY PARTS, LIGHTS, MIRRORS",Bonnet struts,,31.98
"BODY PARTS, LIGHTS, MIRRORS",Daytime running light,,42.20
"BODY PARTS, LIGHTS, MIRRORS",Headlights,,36.46
"BODY PARTS, LIGHTS, MIRRORS",Indicator bulb,"Bulb, indicator",14.13
"BODY PARTS, LIGHTS, MIRRORS",Indicator bulb,"Bulb, stop light",0.83
"BODY PARTS, LIGHTS, MIRRORS",Number plate light,,9.79
"BODY PARTS, LIGHTS, MIRRORS",Parking sensors,Expansion set for Parking Assistance System with bumper recognition,100.30
"BODY PARTS, LIGHTS, MIRRORS",Parking sensors,Parking sensor,8.95
"BODY PARTS, LIGHTS, MIRRORS",Parking sensors,"Rear view camera, parking assist",9.30
"BODY PARTS, LIGHTS, MIRRORS",Parking sensors,Parking assist system,122.56
"BODY PARTS, LIGHTS, MIRRORS",Side panel,,17.70
"BODY PARTS, LIGHTS, MIRRORS",Tailgate struts,,31.98
WINDSCREEN CLEANING SYSTEM,"Connector, washer-fluid pipe","Connector, washer-fluid pipe",3.21
WINDSCREEN CLEANING SYSTEM,"Connector, washer-fluid pipe","Pipe, window cleaning",1.74
WINDSCREEN CLEANING SYSTEM,Windscreen washer reservoir,"Connector, washer-fluid pipe",3.21
WINDSCREEN CLEANING SYSTEM,Windscreen washer reservoir,"Pipe, window cleaning",1.74
WINDSCREEN CLEANING SYSTEM,Windshield washer pump,,5.80
WINDSCREEN CLEANING SYSTEM,Wiper blades,,7.69
ELECTRICS,Battery,"Main Switch, battery",9.09
ELECTRICS,Battery,Battery Post Clamp,2.58
ELECTRICS,Battery,"Cover, battery post clamp",4.33
ELECTRICS,Battery,Battery Adapter,1.88
ELECTRICS,Battery,Starter Battery,90.78
ELECTRICS,Battery,Battery Cell Filler,5.10
ELECTRICS,Battery,Battery Acid Tester,4.19
ELECTRICS,Battery,"Screwdriver, battery sealing plug",6.73
ELECTRICS,Battery,Battery Terminal- / Clamp Reamer,5.94
ELECTRICS,Battery,"Connector Cable, starter battery",69.57
ELECTRICS,Boost gauge,,17.00
ELECTRICS,Brake light switch,,11.75
ELECTRICS,Brake pad wear sensor,,2.58
ELECTRICS,Camshaft sensor,,17.49
ELECTRICS,Coolant temperature sensor,"Sensor, oil temperature",11.89
ELECTRICS,Coolant temperature sensor,"Sensor, coolant temperature",11.89
ELECTRICS,Crankshaft sensor,,43.39
ELECTRICS,"Electric kit, towbar",Plug Housing,0.73
ELECTRICS,"Electric kit, towbar",Electric Motor,115.42
ELECTRICS,"Electric kit, towbar",Switch,1.39
ELECTRICS,"Electric kit, towbar",Coiled Cable,23.65
ELECTRICS,"Electric kit, towbar",Plug Distributor,0.11
ELECTRICS,Generator,,1203.58
ELECTRICS,Indicator bulb,"Bulb, indicator",14.13
ELECTRICS,Indicator bulb,"Bulb, stop light",0.83
ELECTRICS,Number plate light,,9.79
ELECTRICS,Oil temperature sensor,,11.89
ELECTRICS,Parking sensors,Expansion set for Parking Assistance System with bumper recognition,100.30
ELECTRICS,Parking sensors,Parking sensor,8.95
ELECTRICS,Parking sensors,"Rear view camera, parking assist",9.30
ELECTRICS,Parking sensors,Parking assist system,122.56
ELECTRICS,"Sender unit, intake air temperature",,10.21
ELECTRICS,"Sensor, exhaust gas temperature",,93.44
ELECTRICS,Starter,,452.61
ELECTRICS,Tyre pressure control system,"Valve Repair Set, (tyre press. control system)",4.54
ELECTRICS,Tyre pressure control system,"Wheel Sensor, tyre pressure control system",31.91
ELECTRICS,Tyre pressure control system,"Valve, tyre pressure control system",3.07
ELECTRICS,Tyre pressure control system,Tyre Pressure Control System,60.89
ELECTRICS,Windshield washer pump,,5.80
EXHAUST SYSTEM,Boost gauge,,17.00
EXHAUST SYSTEM,Exhaust manifold gasket,,3.84
EXHAUST SYSTEM,"Mounting kit, exhaust system","Mounting Kit, charger",28.06
EXHAUST SYSTEM,"Mounting kit, exhaust system","Nut, exhaust manifold",3.84
EXHAUST SYSTEM,"Sensor, exhaust gas temperature",,93.44
EXHAUST SYSTEM,Turbocharger gasket,"Gasket, exhaust manifold",2.02
EXHAUST SYSTEM,Turbocharger gasket,"Mounting Kit, charger",28.06
EXHAUST SYSTEM,Turbocharger gasket,"Seal, oil inlet (charger)",5.80
ENGINE COOLING SYSTEM,Antifreeze,,3.91
ENGINE COOLING SYSTEM,Coolant temperature sensor,"Sensor, oil temperature",11.89
ENGINE COOLING SYSTEM,Coolant temperature sensor,"Sensor, coolant temperature",11.89
ENGINE COOLING SYSTEM,Oil cooler,,35.90
ENGINE COOLING SYSTEM,Oil temperature sensor,,11.89
ENGINE COOLING SYSTEM,Radiator,,116.12
ENGINE COOLING SYSTEM,Water pump,Water Pump,59.07
ENGINE COOLING SYSTEM,Water pump,"Repair Kit, water pump",31.21
INTERIOR AND COMFORT,Auxiliary water pump,Additional Water Pump,52.42
INTERIOR AND COMFORT,Auxiliary water pump,"Water Pump, parking heater",139.50
INTERIOR AND COMFORT,Boot,Car boot liner,9.72
INTERIOR AND COMFORT,Boot,Car boot tray,23.51
INTERIOR AND COMFORT,Boot,"Gas Spring, boot- / cargo area",31.98
INTERIOR AND COMFORT,Brake light switch,,11.75
INTERIOR AND COMFORT,Parking sensors,Expansion set for Parking Assistance System with bumper recognition,8.95
INTERIOR AND COMFORT,Parking sensors,Parking sensor,8.95
INTERIOR AND COMFORT,Parking sensors,"Rear view camera, parking assist",9.30
INTERIOR AND COMFORT,Parking sensors,Parking assist system,122.56
INTERIOR AND COMFORT,Tailgate struts,,31.98
FUEL SUPPLY SYSTEM,Fuel filter,,18.89
FUEL SUPPLY SYSTEM,High pressure fuel pump,,533.60
FUEL SUPPLY SYSTEM,Injector seals,"Seal Ring, nozzle holder",1.67
FUEL SUPPLY SYSTEM,Injector seals,"Seal Kit, injector nozzle",9.09
FUEL SUPPLY SYSTEM,Injector seals,"Seal Ring, injector",79.93
FUEL SUPPLY SYSTEM,Injectors,"Puller, injector seal",52.91
FUEL SUPPLY SYSTEM,Injectors,"Dismantling Tool, injector",71.46
FUEL SUPPLY SYSTEM,Injectors,Injector Nozzle,346.00
FUEL SUPPLY SYSTEM,Injectors,Nozzle,0.76
STEERING,Ball joint,,13.22
STEERING,Inner tie rod,,8.74
STEERING,Steering rack boot,,6.08
STEERING,Tie rod,,8.74
STEERING,Track rod end,,12.66
AIR CONDITIONING,Ac compressor,"Holder, dryer",13.29
AIR CONDITIONING,Ac compressor,"Seal, charger",3.20
AIR CONDITIONING,Ac compressor,"Diagnosis Unit, climate compressor",46.26
AIR CONDITIONING,Ac compressor,"Adaptor Set, air conditioning service unit",17.63
AIR CONDITIONING,Ac compressor,"Repair Kit, air dryer",145.10
AIR CONDITIONING,Ac compressor,"Leak Search Set, Air Conditioning",100.44
AIR CONDITIONING,Condenser,,77.20
AIR CONDITIONING,"Control valve, coolant",,
AIR CONDITIONING,Pollen filter,,10.35
AIR CONDITIONING,Receiver drier,,32.26
"SENSORS, RELAYS, CONTROL UNITS",Boost gauge,,17.00
"SENSORS, RELAYS, CONTROL UNITS",Brake light switch,,11.75
"SENSORS, RELAYS, CONTROL UNITS",Brake pad wear sensor,,2.58
"SENSORS, RELAYS, CONTROL UNITS",Camshaft sensor,,17.49
"SENSORS, RELAYS, CONTROL UNITS",Coolant temperature sensor,"Sensor, oil temperature",11.89
"SENSORS, RELAYS, CONTROL UNITS",Coolant temperature sensor,"Sensor, coolant temperature",11.89
"SENSORS, RELAYS, CONTROL UNITS",Crankshaft sensor,,43.39
"SENSORS, RELAYS, CONTROL UNITS",Oil temperature sensor,,11.89
"SENSORS, RELAYS, CONTROL UNITS",Parking sensors,Expansion set for Parking Assistance System with bumper recognition,100.30
"SENSORS, RELAYS, CONTROL UNITS",Parking sensors,Parking sensor,9.16
"SENSORS, RELAYS, CONTROL UNITS",Parking sensors,"Rear view camera, parking assist",9.30
"SENSORS, RELAYS, CONTROL UNITS",Parking sensors,Parking assist system,122.56
"SENSORS, RELAYS, CONTROL UNITS","Sender unit, intake air temperature",,10.21
"SENSORS, RELAYS, CONTROL UNITS","Sensor, exhaust gas temperature",,93.44
"SENSORS, RELAYS, CONTROL UNITS",Temperature sensor,"Sender Unit, intake air temperature",25.68
"SENSORS, RELAYS, CONTROL UNITS",Temperature sensor,"Sensor, oil temperature",11.89
"SENSORS, RELAYS, CONTROL UNITS",Temperature sensor,"Sensor, exhaust gas temperature",93.44
"SENSORS, RELAYS, CONTROL UNITS",Temperature sensor,"Sensor, coolant temperature",25.68
"SENSORS, RELAYS, CONTROL UNITS",Temperature sensor,"Sensor, exterior temperature",9.37
"SENSORS, RELAYS, CONTROL UNITS",Tyre pressure control system,"Valve Repair Set, (tyre press. control system)",4.54
"SENSORS, RELAYS, CONTROL UNITS",Tyre pressure control system,"Wheel Sensor, tyre pressure control system",31.91
"SENSORS, RELAYS, CONTROL UNITS",Tyre pressure control system,"Valve, tyre pressure control system",3.07
"SENSORS, RELAYS, CONTROL UNITS",Tyre pressure control system,Tyre Pressure Control System,60.89
GASKETS AND SEALING RINGS,Crankshaft seal,,10.70
GASKETS AND SEALING RINGS,Exhaust manifold gasket,,3.84
GASKETS AND SEALING RINGS,Head gasket,,29.74
GASKETS AND SEALING RINGS,Injector seals,,1.67
GASKETS AND SEALING RINGS,"Mounting kit, charger",,28.06
GASKETS AND SEALING RINGS,Oil drain plug gasket,,0.20
GASKETS AND SEALING RINGS,Rocker cover gasket,,4.12
GASKETS AND SEALING RINGS,Sump gasket,,3.28
GASKETS AND SEALING RINGS,Turbocharger gasket,,28.06
GASKETS AND SEALING RINGS,Valve stem seals,,11.33
CAR ACCESSORIES,Hand cleaners,Skin Care Products,5.45
CAR ACCESSORIES,Hand cleaners,Skin Protection Products,10.98
CAR ACCESSORIES,Hand cleaners,Hand Cleaners,2.16
CAR ACCESSORIES,Hand cleaners,Hand cleaning wipes,2.23
CAR ACCESSORIES,Hand cleaners,"Wall Mounting, hand cleaner",9.79
CAR ACCESSORIES,Hand sanitiser,Hand sanitiser,9.72
CAR ACCESSORIES,Hand sanitiser,Hand sanitising wipes,9.72
CAR ACCESSORIES,Paper towels,,22.95
CAR ACCESSORIES,Protective Glove,Protective Glove,3.77
CAR ACCESSORIES,Protective Glove,Rubber gloves,3.77
CAR ACCESSORIES,Dash cams,,28.06
CAR ACCESSORIES,In car chargers,"Charging cable, cigarette lighter",7.48
CAR ACCESSORIES,In car chargers,"Distributor, cigarette lighter",2.58
CAR ACCESSORIES,In car chargers,Car mobile phone charger,21.27
CAR ACCESSORIES,In car chargers,USB charge cable,3.70
CAR ACCESSORIES,Satnav,,46.33
CAR ACCESSORIES,Wheel trims,,12.45
CAR ACCESSORIES,Tyre inflators,,10.49
CAR ACCESSORIES,Car speakers,Speakers,24.84
CAR ACCESSORIES,Car speakers,Woofer,161.90
CAR ACCESSORIES,Car stereos,,161.13
CAR ACCESSORIES,Multimedia receivers,,178.42
CAR ACCESSORIES,Microfiber towels,Hand cleaning wipes,2.23
CAR ACCESSORIES,Car first aid kits,,3.00
CAR ACCESSORIES,Windscreen cover,,2.79
AUTO DETAILING & CAR CARE,Seam sealers,Sealing Substance,1.60
AUTO DETAILING & CAR CARE,Seam sealers,Sealing Tape,1.60
AUTO DETAILING & CAR CARE,Seam sealers,Window Sealer Paste,7.34
AUTO DETAILING & CAR CARE,Seam sealers,Body Sealer Paste,5.66
AUTO DETAILING & CAR CARE,Seam sealers,"Sealant, tyre sealant set",25.33
AUTO DETAILING & CAR CARE,Windshield & glass sealants,Window Adhesive,7.34
AUTO DETAILING & CAR CARE,Windshield & glass sealants,Window Sealer Paste,7.34
AUTO DETAILING & CAR CARE,All purpose adhesives,Universal Adhesive,4.19
AUTO DETAILING & CAR CARE,All purpose adhesives,Super Glue,0.76
AUTO DETAILING & CAR CARE,All purpose adhesives,"Cartridge, hot gun",1.74
AUTO DETAILING & CAR CARE,Rubber adhesives,,3.49
AUTO DETAILING & CAR CARE,Adhesive guns & applicators,Applicator,0.41
AUTO DETAILING & CAR CARE,Adhesive guns & applicators,Pump Spray Can,6.57
AUTO DETAILING & CAR CARE,Sealant guns,Applicator,0.41
AUTO DETAILING & CAR CARE,Sealant guns,"Dosing Tip, cartridges",0.62
AUTO DETAILING & CAR CARE,Sealant guns,Compressed Air Spray Gun,5.45
AUTO DETAILING & CAR CARE,Sealant guns,Cartridge Gun,2.23
AUTO DETAILING & CAR CARE,Undercoating,,4.54
AUTO DETAILING & CAR CARE,Window cleaner,Window cleaner,2.02
AUTO DETAILING & CAR CARE,Window cleaner,De-icer,1.39
AUTO DETAILING & CAR CARE,Window cleaner,Anti-fog spray,1.74
AUTO DETAILING & CAR CARE,Car paint primers,Zinc Spray,7.06
AUTO DETAILING & CAR CARE,Car paint primers,Primer,7.06
AUTO DETAILING & CAR CARE,Car paint primers,Rust Protection Primer,5.03
AUTO DETAILING & CAR CARE,Brake & clutch cleaners,Brake / Clutch Cleaner,2.30
AUTO DETAILING & CAR CARE,Brake & clutch cleaners,Universal Cleaner,1.67
AUTO DETAILING & CAR CARE,Brake & clutch cleaners,Cold Cleaner,5.31
AUTO DETAILING & CAR CARE,Brake & clutch cleaners,Cleaner / Thinner,2.86
AUTO DETAILING & CAR CARE,Brake & clutch cleaners,Fast Cleaner,8.25
AUTO DETAILING & CAR CARE,Engine & fuel system cleaners,Engine Bay Preservative,2.37
AUTO DETAILING & CAR CARE,Engine & fuel system cleaners,Engine Cleaner,2.44
AUTO DETAILING & CAR CARE,Engine & fuel system cleaners,Rubber Care Products,2.37
AUTO DETAILING & CAR CARE,Engine & fuel system cleaners,Engine Gloss Paint,8.39
AUTO DETAILING & CAR CARE,Engine & fuel system cleaners,"Cleaner, carburettor",3.28
AUTO DETAILING & CAR CARE,Hand cleaners,Skin Care Products,2.16
AUTO DETAILING & CAR CARE,Hand cleaners,Skin Protection Products,10.98
AUTO DETAILING & CAR CARE,Hand cleaners,Hand Cleaners,2.16
AUTO DETAILING & CAR CARE,Hand cleaners,Hand cleaning wipes,2.23
AUTO DETAILING & CAR CARE,Hand cleaners,"Wall Mounting, hand cleaner",9.86
AUTO DETAILING & CAR CARE,Wheel cleaners,Rim Cleaner,3.63
AUTO DETAILING & CAR CARE,Wheel cleaners,Tyre Cleaner,3.63
AUTO DETAILING & CAR CARE,Wheel cleaners,Wheel Seal,10.56
AUTO DETAILING & CAR CARE,Automotive paints,Paint,5.10
AUTO DETAILING & CAR CARE,Automotive paints,Vehicle Paint,5.10
AUTO DETAILING & CAR CARE,Automotive paints,Effect Paint,7.06
AUTO DETAILING & CAR CARE,Automotive paints,Vehicle combination paint,12.94
AUTO DETAILING & CAR CARE,Brake caliper paint,,5.24
AUTO DETAILING & CAR CARE,Engine oil additives,,1.74
AUTO DETAILING & CAR CARE,Transmission additives & treatments,,8.11
AUTO DETAILING & CAR CARE,Technical sprays,Sealing Adhesive Spray,2.72
AUTO DETAILING & CAR CARE,Technical sprays,Mounting Spray,8.74
AUTO DETAILING & CAR CARE,Technical sprays,Chain Spray,10.91
AUTO DETAILING & CAR CARE,Technical sprays,Grease Spray,3.63
AUTO DETAILING & CAR CARE,Technical sprays,Ceramic Paste Spray,8.95
TOOLS & EQUIPMENT,BRAKE CALIPER BRUSHES & STRIP DISCS,,24.56
TOOLS & EQUIPMENT,THREAD & FEELER GAUGES,Measuring Device,1.88
TOOLS & EQUIPMENT,THREAD & FEELER GAUGES,20Â° Piston Position Template,9.23
TOOLS & EQUIPMENT,THREAD & FEELER GAUGES,,43.18
TOOLS & EQUIPMENT,THREAD & FEELER GAUGES,"Drill Gauge Set, studs",203.27
TOOLS & EQUIPMENT,THREAD & FEELER GAUGES,,8.46
TOOLS & EQUIPMENT,SOCKET SETS,Socket Set,5.94
TOOLS & EQUIPMENT,SOCKET SETS,"Socket Set, spark plug",12.66
TOOLS & EQUIPMENT,WIPER ARM REMOVAL TOOLS,"Puller, wiper arm",6.36
TOOLS & EQUIPMENT,WIPER ARM REMOVAL TOOLS,"Puller Set, wiper arm",65.30
TOOLS & EQUIPMENT,WIPER ARM REMOVAL TOOLS,"Puller Housing, wiper arm puller",8.04
